model,precision,recall,mAP50,mAP50-95
train2_best,0.9346593256399738,0.9744040501018769,0.9572158900519755,0.8790960439904734
train3_best,0.9406539724381402,0.9909501500907005,0.9818033046126378,0.9343620980788164
train4_best,0.9429659550450186,0.991207169000295,0.9789693341362243,0.9234482986667999
train5_best,0.9392269367394721,0.9884928289030178,0.9855005075763433,0.9461932821587392
