model,caution_lava_precision,caution_lava_recall,caution_lava_mAP50,caution_lava_mAP50-95,exist_lava_precision,exist_lava_recall,exist_lava_mAP50,exist_lava_mAP50-95
train2_best,0.9652567433302992,0.9924455565786743,0.9805172413793104,0.9716890727581848,0.8642872172891135,1.0,0.9628947368421054,0.9628947368421054
train3_best,0.9549807905804433,1.0,0.9939655172413794,0.9896219120158797,0.8815116948994101,1.0,0.995,0.9949999999999999
train4_best,0.9654903612707073,0.9992204768505107,0.9829310344827586,0.9760225576297143,0.8797793114190953,1.0,0.995,0.9949999999999999
train5_best,0.9521809048660359,1.0,0.9863793103448276,0.9774139983579639,0.8754635151323672,1.0,0.995,0.9949999999999999
train6_best,0.956984709037697,1.0,0.9939655172413794,0.9915891923371648,0.8757534221284552,1.0,0.995,0.9949999999999999
